concept,standard_name
us-gaap_LiabilitiesAndStockholdersEquity,Total Liabilities and Stockholders' Equity
us-gaap_Assets,Total Assets
us-gaap_RetainedEarningsAccumulatedDeficit,Retained Earnings and Accumulated Deficit
us-gaap_StockholdersEquity,Shareholders' Equity
us-gaap_LiabilitiesCurrent,Total Current Liabilities
us-gaap_AssetsCurrent,Total Current Assets
us-gaap_CashAndCashEquivalentsAtCarryingValue,Cash and Cash Equivalents and Short-term Investments
us-gaap_PropertyPlantAndEquipmentNet,"Net Property, Plant, and Equipment, after depreciation and amortization"
us-gaap_CommonStockValue,Cash and Cash Equivalents and Short-term Investments
us-gaap_Liabilities,Total Liabilities
us-gaap_OtherAssetsNoncurrent,Other Long-term Assets
us-gaap_Goodwill,Goodwill
us-gaap_AccumulatedOtherComprehensiveIncomeLossNetOfTax,Retained Earnings and Accumulated Deficit
us-gaap_AccountsPayableCurrent,Accounts Payable
us-gaap_OtherLiabilitiesNoncurrent,Other Long-term Liabilities
us-gaap_PrepaidExpenseAndOtherAssetsCurrent,Prepaid Expenses
us-gaap_AccountsReceivableNetCurrent,Accounts Receivable
us-gaap_AdditionalPaidInCapital,Additional Paid-In Capital
us-gaap_IntangibleAssetsNetExcludingGoodwill,Intangible Assets Excluding Goodwill
us-gaap_InventoryNet,Inventory
us-gaap_AccruedLiabilitiesCurrent,Total Current Liabilities
us-gaap_TreasuryStockValue,Treasury Stock
us-gaap_AdditionalPaidInCapitalCommonStock,Additional Paid-In Capital
us-gaap_LongTermDebtNoncurrent,Long-term Debt
us-gaap_OperatingLeaseRightOfUseAsset,Current Capital Lease and Long-term Obligations
us-gaap_StockholdersEquityIncludingPortionAttributableToNoncontrollingInterest,Shareholders' Equity
us-gaap_PreferredStockValue,Preferred Stock
us-gaap_OperatingLeaseLiabilityNoncurrent,Other Long-term Liabilities
us-gaap_LongTermDebtCurrent,Current Capital Lease and Long-term Obligations
us-gaap_MinorityInterest,Minority Interest
us-gaap_EmployeeRelatedLiabilitiesCurrent,Other Current Liabilities
us-gaap_OperatingLeaseLiabilityCurrent,Other Current Liabilities
us-gaap_OtherAssetsCurrent,Other Current Assets
us-gaap_OtherLiabilitiesCurrent,Other Current Liabilities
us-gaap_DeferredIncomeTaxLiabilitiesNet,Taxes Payable
us-gaap_DeferredTaxLiabilitiesNoncurrent,Other Long-term Liabilities
us-gaap_PrepaidExpenseCurrent,Prepaid Expenses
LiabilitiesAndStockholdersEquity,Total Liabilities and Stockholders' Equity
Assets,Total Assets
us-gaap_LongTermDebtAndCapitalLeaseObligations,Long-term Debt
RetainedEarningsAccumulatedDeficit,Retained Earnings and Accumulated Deficit
StockholdersEquity,Shareholders' Equity
us-gaap_ContractWithCustomerLiabilityCurrent,Other Current Liabilities
LiabilitiesCurrent,Other Current Assets
AssetsCurrent,Total Current Assets
us-gaap_AccountsPayableAndAccruedLiabilitiesCurrent,Accounts Payable
PropertyPlantAndEquipmentNet,"Net Property, Plant, and Equipment, after depreciation and amortization"
us-gaap_LongTermDebtAndCapitalLeaseObligationsCurrent,Long-term Debt
CashAndCashEquivalentsAtCarryingValue,Cash and Cash Equivalents and Short-term Investments
,Revenue
,Cost of Goods Sold
,Gross Profit
,Research and Development Expenses
,"Selling, General, and Administrative Expenses"
,Depreciation and Amortization
,Operating Income
,Interest Expense
,Income Before Taxes
,"Income Taxes, tax provision"
,Net Income
,Earnings Per Share (EPS)
,Diluted Earnings Per Share
,Extraordinary Items
,Discontinued Operations
,"Income Taxes, tax provision"
us-gaap_DeferredIncomeTaxAssetsNet,"Income Taxes, tax provision"
us-gaap_NetIncomeLoss,Net Income
us-gaap_OperatingIncomeLoss,Operating Income
us-gaap_IncomeTaxExpenseBenefit,"Income Taxes, tax provision"
us-gaap_EarningsPerShareBasic,Earnings Per Share (EPS)
us-gaap_EarningsPerShareDiluted,Diluted Earnings Per Share
us-gaap_WeightedAverageNumberOfSharesOutstandingBasic,Weighted Number of Shares Outstanding
us-gaap_WeightedAverageNumberOfDilutedSharesOutstanding,Weighted Number of Shares Outstanding
us-gaap_ComprehensiveIncomeNetOfTax,Net Income
us-gaap_OtherNonoperatingIncomeExpense,"Selling, General, and Administrative Expenses"
us-gaap_InterestExpense,Interest Expense
us-gaap_IncomeLossFromContinuingOperationsBeforeIncomeTaxesExtraordinaryItemsNoncontrollingInterest,Income Before Taxes
us-gaap_GeneralAndAdministrativeExpense,"Selling, General, and Administrative Expenses"
us-gaap_OperatingExpenses,"Selling, General, and Administrative Expenses"
us-gaap_GrossProfit,Gross Profit
us-gaap_SellingGeneralAndAdministrativeExpense,"Selling, General, and Administrative Expenses"
us-gaap_ResearchAndDevelopmentExpense,Research and Development Expenses
us-gaap_NonoperatingIncomeExpense,"Selling, General, and Administrative Expenses"
us-gaap_Revenues,Revenue
us-gaap_OtherComprehensiveIncomeLossForeignCurrencyTransactionAndTranslationAdjustmentNetOfTax,Net Income
us-gaap_CostOfGoodsAndServicesSold,Cost of Goods Sold
us-gaap_ProfitLoss,Net Income
us-gaap_RevenueFromContractWithCustomerExcludingAssessedTax,Revenue
us-gaap_OtherComprehensiveIncomeLossNetOfTax,Net Income
us-gaap_ComprehensiveIncomeNetOfTaxIncludingPortionAttributableToNoncontrollingInterest,Net Income
us-gaap_IncomeLossFromEquityMethodInvestments,Net Income
us-gaap_EarningsPerShareBasicAndDiluted,Earnings Per Share (EPS)
us-gaap_NetIncomeLossAttributableToNoncontrollingInterest,
us-gaap_WeightedAverageNumberOfShareOutstandingBasicAndDiluted,Weighted Number of Shares Outstanding
us-gaap_InvestmentIncomeInterest,Interest Expense
us-gaap_IncomeLossFromContinuingOperationsBeforeIncomeTaxesMinorityInterestAndIncomeLossFromEquityMethodInvestments,Income Before Taxes
us-gaap_CostsAndExpenses,"Selling, General, and Administrative Expenses"
us-gaap_ComprehensiveIncomeNetOfTaxAttributableToNoncontrollingInterest,Net Income
NetIncomeLoss,Net Income
us-gaap_CommonStockDividendsPerShareDeclared,
us-gaap_CostOfRevenue,Cost of Goods Sold
us-gaap_NetIncomeLossAvailableToCommonStockholdersBasic,Net Income
IncomeTaxExpenseBenefit,"Income Taxes, tax provision"
us-gaap_SellingAndMarketingExpense,"Selling, General, and Administrative Expenses"
OperatingIncomeLoss,Operating Income
us-gaap_IncomeLossFromContinuingOperations,Operating Income
us-gaap_CostOfGoodsSold,Cost of Goods Sold
us-gaap_IncomeLossFromContinuingOperationsPerBasicShare,Earnings Per Share (EPS)
us-gaap_IncomeLossFromContinuingOperationsPerDilutedShare,
us-gaap_OtherComprehensiveIncomeLossPensionAndOtherPostretirementBenefitPlansAdjustmentNetOfTax,"Selling, General, and Administrative Expenses"
InterestExpense,Interest Expense
us-gaap_SalesRevenueNet,Revenu
us-gaap_OtherComprehensiveIncomeLossNetOfTaxPortionAttributableToParent,Net Income
us-gaap_InterestIncomeExpenseNet,Interest Expense
EarningsPerShareBasic,Earnings Per Share (EPS)
WeightedAverageNumberOfDilutedSharesOutstanding,Weighted Number of Shares Outstanding
us-gaap_ShareBasedCompensation,
us-gaap_NetCashProvidedByUsedInOperatingActivities,
us-gaap_NetCashProvidedByUsedInFinancingActivities,
us-gaap_NetCashProvidedByUsedInInvestingActivities,
us-gaap_PaymentsToAcquirePropertyPlantAndEquipment,
us-gaap_NetIncomeLoss,
us-gaap_IncreaseDecreaseInPrepaidDeferredExpenseAndOtherAssets,
us-gaap_CashAndCashEquivalentsPeriodIncreaseDecrease,
us-gaap_DepreciationDepletionAndAmortization,
us-gaap_IncreaseDecreaseInAccountsReceivable,
us-gaap_CashCashEquivalentsRestrictedCashAndRestrictedCashEquivalentsPeriodIncreaseDecreaseIncludingExchangeRateEffect,
us-gaap_IncreaseDecreaseInInventories,
us-gaap_IncreaseDecreaseInAccountsPayable,
us-gaap_DeferredIncomeTaxExpenseBenefit,
us-gaap_RepaymentsOfLongTermDebt,
us-gaap_PaymentsForRepurchaseOfCommonStock,
us-gaap_ProfitLoss,
us-gaap_ProceedsFromStockOptionsExercised,
us-gaap_IncreaseDecreaseInAccountsPayableAndAccruedLiabilities,
us-gaap_OtherNoncashIncomeExpense,
us-gaap_NetCashProvidedByUsedInOperatingActivitiesContinuingOperations,
us-gaap_InterestPaidNet,
us-gaap_IncreaseDecreaseInOtherOperatingAssets,
us-gaap_ProceedsFromSaleOfPropertyPlantAndEquipment,
us-gaap_IncreaseDecreaseInAccruedLiabilities,
us-gaap_PaymentsForProceedsFromOtherInvestingActivities,
us-gaap_NetCashProvidedByUsedInInvestingActivitiesContinuingOperations,
us-gaap_PaymentsToAcquireBusinessesNetOfCashAcquired,
us-gaap_EffectOfExchangeRateOnCashAndCashEquivalents,
us-gaap_DepreciationAndAmortization,
us-gaap_ProceedsFromIssuanceOfCommonStock,
us-gaap_NetCashProvidedByUsedInFinancingActivitiesContinuingOperations,
us-gaap_PaymentsRelatedToTaxWithholdingForShareBasedCompensation,
us-gaap_ProceedsFromIssuanceOfLongTermDebt,
us-gaap_ProvisionForDoubtfulAccounts,
us-gaap_IncomeTaxesPaidNet,
us-gaap_IncreaseDecreaseInReceivables,
us-gaap_ProceedsFromPaymentsForOtherFinancingActivities,
us-gaap_PaymentsOfDividendsCommonStock,
us-gaap_EffectOfExchangeRateOnCashCashEquivalentsRestrictedCashAndRestrictedCashEquivalents,
us-gaap_IncreaseDecreaseInContractWithCustomerLiability,
us-gaap_IncomeLossFromEquityMethodInvestments,
NetCashProvidedByUsedInOperatingActivities,
NetCashProvidedByUsedInFinancingActivities,
us-gaap_CapitalExpendituresIncurredButNotYetPaid,
ShareBasedCompensation,
us-gaap_PaymentsOfDividends,
NetCashProvidedByUsedInInvestingActivities,
us-gaap_PaymentsToAcquireProductiveAssets,
us-gaap_AmortizationOfFinancingCosts,